event_id,device_type,data_type,data_subject,purpose,data_storage,data_shared,legal_basis,retention_days,anonymized,consent,compliance_expected,scenario_description
1,environment_sensor,access_log,student,security_monitoring,local_server,no,consent,60,no,no,1,synthetic IoT privacy scenario
2,smart_camera,temperature,student,health_monitoring,local_server,yes,legal_obligation,60,no,no,1,synthetic IoT privacy scenario
3,environment_sensor,voice_recording,student,health_monitoring,cloud_service,no,legitimate_interest,30,yes,no,1,synthetic IoT privacy scenario
4,smart_watch,location,student,wellness_program,cloud_service,no,legitimate_interest,365,no,yes,1,synthetic IoT privacy scenario
5,environment_sensor,voice_recording,visitor,security_monitoring,third_party_service,yes,consent,365,no,no,1,synthetic IoT privacy scenario
6,fitness_band,access_log,student,analytics,cloud_service,yes,legitimate_interest,365,no,yes,1,synthetic IoT privacy scenario
7,rfid_badge,access_log,visitor,security_monitoring,third_party_service,no,none,60,yes,yes,1,synthetic IoT privacy scenario
8,smart_microphone,access_log,visitor,attendance_control,cloud_service,yes,none,180,yes,no,0,synthetic IoT privacy scenario
9,smart_camera,voice_recording,employee,analytics,local_server,no,none,60,no,yes,1,synthetic IoT privacy scenario
10,environment_sensor,face_image,employee,security_monitoring,third_party_service,yes,none,60,yes,no,0,synthetic IoT privacy scenario
11,environment_sensor,location,student,attendance_control,third_party_service,yes,none,30,no,yes,0,synthetic IoT privacy scenario
12,smart_watch,location,student,security_monitoring,local_server,yes,legal_obligation,60,yes,no,1,synthetic IoT privacy scenario
13,smart_watch,heart_rate,student,attendance_control,local_server,no,legal_obligation,90,yes,no,1,synthetic IoT privacy scenario
14,smart_watch,location,employee,security_monitoring,local_server,no,consent,60,yes,no,1,synthetic IoT privacy scenario
15,smart_camera,temperature,visitor,environment_control,local_server,yes,none,90,yes,yes,0,synthetic IoT privacy scenario
16,fitness_band,temperature,visitor,analytics,third_party_service,yes,none,365,yes,yes,0,synthetic IoT privacy scenario
17,environment_sensor,face_image,visitor,attendance_control,cloud_service,yes,consent,180,yes,yes,1,synthetic IoT privacy scenario
18,environment_sensor,location,student,analytics,third_party_service,yes,none,30,yes,yes,0,synthetic IoT privacy scenario
19,environment_sensor,face_image,employee,wellness_program,third_party_service,yes,legal_obligation,90,no,no,1,synthetic IoT privacy scenario
20,smart_microphone,heart_rate,visitor,health_monitoring,cloud_service,no,none,365,yes,no,0,synthetic IoT privacy scenario
21,rfid_badge,voice_recording,employee,health_monitoring,cloud_service,yes,none,60,yes,yes,0,synthetic IoT privacy scenario
22,smart_lock,activity_data,student,attendance_control,cloud_service,no,consent,180,no,no,1,synthetic IoT privacy scenario
23,smart_microphone,temperature,student,environment_control,local_server,yes,none,60,no,yes,0,synthetic IoT privacy scenario
24,smart_microphone,heart_rate,employee,security_monitoring,local_server,no,consent,365,no,no,1,synthetic IoT privacy scenario
25,smart_lock,location,visitor,environment_control,local_server,yes,none,60,yes,no,0,synthetic IoT privacy scenario
26,smart_microphone,voice_recording,employee,health_monitoring,local_server,no,legal_obligation,180,no,no,1,synthetic IoT privacy scenario
27,smart_microphone,location,visitor,health_monitoring,local_server,yes,legitimate_interest,90,yes,yes,1,synthetic IoT privacy scenario
28,fitness_band,activity_data,student,security_monitoring,third_party_service,no,consent,30,no,no,1,synthetic IoT privacy scenario
29,smart_camera,activity_data,employee,environment_control,cloud_service,no,legitimate_interest,60,yes,yes,1,synthetic IoT privacy scenario
30,smart_watch,activity_data,visitor,environment_control,third_party_service,no,none,365,yes,no,0,synthetic IoT privacy scenario
31,smart_microphone,activity_data,employee,analytics,cloud_service,yes,consent,180,no,yes,1,synthetic IoT privacy scenario
32,rfid_badge,voice_recording,visitor,security_monitoring,local_server,yes,consent,180,no,no,1,synthetic IoT privacy scenario
33,smart_microphone,heart_rate,visitor,analytics,third_party_service,no,legitimate_interest,30,no,yes,1,synthetic IoT privacy scenario
34,fitness_band,face_image,employee,health_monitoring,third_party_service,no,none,180,no,no,0,synthetic IoT privacy scenario
35,smart_watch,access_log,visitor,security_monitoring,cloud_service,no,consent,60,no,yes,1,synthetic IoT privacy scenario
36,smart_microphone,location,visitor,health_monitoring,third_party_service,no,legal_obligation,180,yes,no,1,synthetic IoT privacy scenario
37,smart_lock,temperature,student,health_monitoring,cloud_service,no,legal_obligation,365,yes,no,1,synthetic IoT privacy scenario
38,environment_sensor,heart_rate,visitor,wellness_program,third_party_service,no,legal_obligation,180,yes,no,1,synthetic IoT privacy scenario
39,smart_microphone,temperature,student,security_monitoring,cloud_service,no,legal_obligation,180,yes,yes,1,synthetic IoT privacy scenario
40,smart_microphone,access_log,student,health_monitoring,cloud_service,yes,consent,180,no,no,1,synthetic IoT privacy scenario
41,smart_camera,heart_rate,visitor,analytics,third_party_service,no,legitimate_interest,60,yes,yes,1,synthetic IoT privacy scenario
42,environment_sensor,voice_recording,employee,wellness_program,cloud_service,no,consent,30,no,no,1,synthetic IoT privacy scenario
43,smart_lock,temperature,visitor,health_monitoring,third_party_service,no,legitimate_interest,365,yes,yes,1,synthetic IoT privacy scenario
44,smart_camera,location,student,attendance_control,third_party_service,yes,legitimate_interest,180,no,no,1,synthetic IoT privacy scenario
45,environment_sensor,heart_rate,visitor,security_monitoring,cloud_service,no,legitimate_interest,90,yes,yes,1,synthetic IoT privacy scenario
46,smart_microphone,heart_rate,employee,security_monitoring,cloud_service,no,consent,30,yes,yes,1,synthetic IoT privacy scenario
47,environment_sensor,activity_data,visitor,health_monitoring,third_party_service,yes,none,365,yes,no,0,synthetic IoT privacy scenario
48,smart_lock,face_image,employee,security_monitoring,local_server,no,legitimate_interest,90,yes,yes,1,synthetic IoT privacy scenario
49,smart_microphone,face_image,student,analytics,cloud_service,yes,consent,90,yes,yes,1,synthetic IoT privacy scenario
50,smart_microphone,face_image,visitor,attendance_control,local_server,yes,none,90,no,no,0,synthetic IoT privacy scenario
51,smart_microphone,face_image,employee,attendance_control,third_party_service,yes,none,30,no,yes,0,synthetic IoT privacy scenario
52,smart_camera,heart_rate,employee,wellness_program,third_party_service,yes,consent,365,no,no,1,synthetic IoT privacy scenario
53,rfid_badge,voice_recording,student,security_monitoring,cloud_service,no,legitimate_interest,30,yes,no,1,synthetic IoT privacy scenario
54,fitness_band,voice_recording,visitor,environment_control,third_party_service,no,consent,30,no,yes,1,synthetic IoT privacy scenario
55,smart_camera,heart_rate,visitor,health_monitoring,cloud_service,yes,consent,90,yes,no,1,synthetic IoT privacy scenario
56,smart_lock,temperature,student,security_monitoring,cloud_service,yes,none,30,yes,yes,0,synthetic IoT privacy scenario
57,smart_lock,face_image,employee,health_monitoring,cloud_service,yes,none,60,yes,no,0,synthetic IoT privacy scenario
58,environment_sensor,access_log,visitor,health_monitoring,cloud_service,yes,legal_obligation,180,yes,no,1,synthetic IoT privacy scenario
59,smart_microphone,temperature,visitor,attendance_control,cloud_service,no,consent,60,yes,yes,1,synthetic IoT privacy scenario
60,fitness_band,face_image,visitor,analytics,third_party_service,yes,consent,180,yes,no,1,synthetic IoT privacy scenario
61,smart_microphone,temperature,employee,analytics,local_server,yes,consent,30,no,no,1,synthetic IoT privacy scenario
62,rfid_badge,activity_data,employee,wellness_program,local_server,yes,consent,90,no,no,1,synthetic IoT privacy scenario
63,fitness_band,activity_data,employee,wellness_program,third_party_service,yes,none,90,yes,no,0,synthetic IoT privacy scenario
64,environment_sensor,face_image,employee,environment_control,third_party_service,no,legal_obligation,30,yes,yes,1,synthetic IoT privacy scenario
65,smart_microphone,access_log,student,attendance_control,third_party_service,no,legal_obligation,30,no,no,1,synthetic IoT privacy scenario
66,rfid_badge,activity_data,employee,wellness_program,local_server,no,none,365,yes,yes,1,synthetic IoT privacy scenario
67,environment_sensor,activity_data,employee,wellness_program,cloud_service,yes,consent,60,yes,no,1,synthetic IoT privacy scenario
68,fitness_band,temperature,student,security_monitoring,cloud_service,no,legal_obligation,60,yes,yes,1,synthetic IoT privacy scenario
69,smart_microphone,temperature,employee,wellness_program,third_party_service,no,legitimate_interest,30,yes,yes,1,synthetic IoT privacy scenario
70,smart_microphone,access_log,student,environment_control,local_server,yes,consent,60,yes,yes,1,synthetic IoT privacy scenario
71,environment_sensor,voice_recording,visitor,analytics,third_party_service,no,consent,180,no,no,1,synthetic IoT privacy scenario
72,smart_camera,temperature,student,attendance_control,third_party_service,yes,none,60,no,yes,0,synthetic IoT privacy scenario
73,smart_lock,voice_recording,employee,health_monitoring,local_server,yes,legitimate_interest,365,no,no,1,synthetic IoT privacy scenario
74,smart_microphone,heart_rate,employee,attendance_control,local_server,no,consent,365,yes,no,1,synthetic IoT privacy scenario
75,rfid_badge,heart_rate,student,wellness_program,cloud_service,yes,legitimate_interest,30,yes,no,1,synthetic IoT privacy scenario
76,smart_camera,activity_data,visitor,environment_control,local_server,no,legitimate_interest,180,no,no,1,synthetic IoT privacy scenario
77,smart_microphone,temperature,student,security_monitoring,local_server,no,legal_obligation,60,yes,yes,1,synthetic IoT privacy scenario
78,fitness_band,activity_data,visitor,analytics,cloud_service,no,none,180,no,no,0,synthetic IoT privacy scenario
79,smart_lock,face_image,employee,health_monitoring,third_party_service,yes,none,30,no,no,0,synthetic IoT privacy scenario
80,rfid_badge,heart_rate,employee,analytics,cloud_service,no,legitimate_interest,365,yes,yes,1,synthetic IoT privacy scenario
81,smart_microphone,face_image,student,wellness_program,local_server,yes,none,90,no,no,0,synthetic IoT privacy scenario
82,environment_sensor,temperature,visitor,attendance_control,third_party_service,no,legal_obligation,365,no,no,1,synthetic IoT privacy scenario
83,environment_sensor,location,student,attendance_control,cloud_service,yes,none,365,yes,no,0,synthetic IoT privacy scenario
84,smart_camera,location,employee,analytics,local_server,no,consent,90,no,no,1,synthetic IoT privacy scenario
85,smart_microphone,activity_data,student,health_monitoring,cloud_service,no,consent,60,yes,yes,1,synthetic IoT privacy scenario
86,smart_lock,face_image,visitor,attendance_control,third_party_service,no,consent,30,yes,no,1,synthetic IoT privacy scenario
87,smart_camera,activity_data,visitor,wellness_program,third_party_service,no,none,180,no,no,0,synthetic IoT privacy scenario
88,rfid_badge,voice_recording,employee,environment_control,cloud_service,no,none,180,no,yes,1,synthetic IoT privacy scenario
89,smart_watch,voice_recording,student,health_monitoring,cloud_service,yes,consent,180,no,yes,1,synthetic IoT privacy scenario
90,environment_sensor,face_image,visitor,health_monitoring,third_party_service,no,legitimate_interest,60,no,no,1,synthetic IoT privacy scenario
91,smart_camera,activity_data,visitor,analytics,cloud_service,yes,none,90,no,yes,0,synthetic IoT privacy scenario
92,smart_watch,voice_recording,employee,health_monitoring,local_server,yes,consent,30,no,yes,1,synthetic IoT privacy scenario
93,environment_sensor,temperature,student,health_monitoring,cloud_service,no,legal_obligation,90,no,no,1,synthetic IoT privacy scenario
94,rfid_badge,activity_data,student,analytics,local_server,no,legitimate_interest,180,no,yes,1,synthetic IoT privacy scenario
95,smart_lock,access_log,visitor,analytics,third_party_service,yes,none,30,no,yes,0,synthetic IoT privacy scenario
96,fitness_band,access_log,visitor,attendance_control,local_server,yes,legitimate_interest,90,yes,no,1,synthetic IoT privacy scenario
97,environment_sensor,voice_recording,visitor,environment_control,third_party_service,no,legitimate_interest,30,no,yes,1,synthetic IoT privacy scenario
98,fitness_band,face_image,employee,wellness_program,local_server,no,legal_obligation,180,no,no,1,synthetic IoT privacy scenario
99,fitness_band,face_image,student,environment_control,local_server,no,consent,180,no,yes,1,synthetic IoT privacy scenario
100,smart_watch,activity_data,visitor,security_monitoring,local_server,yes,consent,180,yes,no,1,synthetic IoT privacy scenario
101,smart_lock,temperature,employee,analytics,third_party_service,yes,legitimate_interest,60,yes,yes,1,synthetic IoT privacy scenario
102,smart_watch,face_image,student,environment_control,third_party_service,yes,legal_obligation,180,no,no,1,synthetic IoT privacy scenario
103,smart_microphone,location,employee,analytics,cloud_service,yes,consent,90,yes,no,1,synthetic IoT privacy scenario
104,rfid_badge,activity_data,student,analytics,third_party_service,yes,consent,90,yes,yes,1,synthetic IoT privacy scenario
105,smart_microphone,activity_data,employee,health_monitoring,local_server,no,legal_obligation,30,yes,no,1,synthetic IoT privacy scenario
106,environment_sensor,heart_rate,employee,environment_control,third_party_service,no,consent,60,yes,no,1,synthetic IoT privacy scenario
107,rfid_badge,activity_data,student,security_monitoring,third_party_service,no,legitimate_interest,90,no,no,1,synthetic IoT privacy scenario
108,smart_camera,activity_data,student,wellness_program,local_server,no,legal_obligation,90,no,yes,1,synthetic IoT privacy scenario
109,fitness_band,heart_rate,student,analytics,local_server,no,legal_obligation,365,no,no,1,synthetic IoT privacy scenario
110,smart_microphone,face_image,employee,attendance_control,cloud_service,yes,none,60,yes,yes,0,synthetic IoT privacy scenario
111,smart_microphone,access_log,employee,analytics,local_server,yes,consent,60,yes,yes,1,synthetic IoT privacy scenario
112,fitness_band,activity_data,student,wellness_program,third_party_service,no,none,60,yes,yes,1,synthetic IoT privacy scenario
113,smart_microphone,face_image,visitor,analytics,local_server,no,none,365,yes,no,0,synthetic IoT privacy scenario
114,environment_sensor,activity_data,employee,analytics,local_server,no,legal_obligation,30,yes,no,1,synthetic IoT privacy scenario
115,fitness_band,heart_rate,student,analytics,local_server,no,legal_obligation,90,no,yes,1,synthetic IoT privacy scenario
116,environment_sensor,activity_data,employee,attendance_control,local_server,yes,consent,365,yes,yes,1,synthetic IoT privacy scenario
117,rfid_badge,activity_data,student,environment_control,cloud_service,yes,consent,30,yes,yes,1,synthetic IoT privacy scenario
118,smart_watch,heart_rate,employee,environment_control,cloud_service,no,consent,90,no,yes,1,synthetic IoT privacy scenario
119,rfid_badge,activity_data,student,attendance_control,cloud_service,no,consent,90,yes,no,1,synthetic IoT privacy scenario
120,smart_microphone,heart_rate,employee,environment_control,local_server,no,none,60,no,yes,1,synthetic IoT privacy scenario
121,rfid_badge,activity_data,employee,wellness_program,cloud_service,no,legitimate_interest,90,no,no,1,synthetic IoT privacy scenario
122,smart_microphone,face_image,student,attendance_control,local_server,yes,consent,365,yes,no,1,synthetic IoT privacy scenario
123,smart_microphone,location,visitor,attendance_control,cloud_service,yes,legitimate_interest,90,no,yes,1,synthetic IoT privacy scenario
124,fitness_band,heart_rate,student,environment_control,local_server,no,legitimate_interest,180,no,no,1,synthetic IoT privacy scenario
125,smart_camera,activity_data,employee,environment_control,third_party_service,yes,legal_obligation,180,no,yes,1,synthetic IoT privacy scenario
126,smart_microphone,temperature,employee,health_monitoring,cloud_service,no,legal_obligation,365,yes,no,1,synthetic IoT privacy scenario
127,rfid_badge,activity_data,visitor,attendance_control,cloud_service,yes,legal_obligation,60,yes,yes,1,synthetic IoT privacy scenario
128,rfid_badge,location,visitor,security_monitoring,local_server,yes,legitimate_interest,60,yes,no,1,synthetic IoT privacy scenario
129,fitness_band,voice_recording,student,environment_control,local_server,yes,consent,30,no,yes,1,synthetic IoT privacy scenario
130,smart_lock,access_log,employee,health_monitoring,cloud_service,no,legal_obligation,30,no,yes,1,synthetic IoT privacy scenario
131,smart_lock,location,student,environment_control,third_party_service,no,consent,30,yes,yes,1,synthetic IoT privacy scenario
132,smart_microphone,location,employee,security_monitoring,local_server,no,legal_obligation,30,yes,yes,1,synthetic IoT privacy scenario
133,smart_watch,location,employee,environment_control,cloud_service,no,legal_obligation,60,yes,yes,1,synthetic IoT privacy scenario
134,fitness_band,temperature,employee,health_monitoring,local_server,no,none,90,no,yes,1,synthetic IoT privacy scenario
135,environment_sensor,location,employee,security_monitoring,third_party_service,no,legal_obligation,30,yes,no,1,synthetic IoT privacy scenario
136,fitness_band,heart_rate,student,health_monitoring,third_party_service,no,legitimate_interest,180,yes,yes,1,synthetic IoT privacy scenario
137,fitness_band,access_log,employee,environment_control,cloud_service,yes,none,60,yes,no,0,synthetic IoT privacy scenario
138,rfid_badge,face_image,employee,analytics,local_server,yes,none,60,no,no,0,synthetic IoT privacy scenario
139,smart_lock,access_log,visitor,attendance_control,local_server,yes,none,60,yes,yes,0,synthetic IoT privacy scenario
140,rfid_badge,temperature,visitor,wellness_program,third_party_service,yes,legal_obligation,180,no,no,1,synthetic IoT privacy scenario
141,smart_camera,face_image,visitor,health_monitoring,third_party_service,yes,none,30,yes,no,0,synthetic IoT privacy scenario
142,smart_camera,temperature,visitor,health_monitoring,cloud_service,yes,legitimate_interest,30,yes,yes,1,synthetic IoT privacy scenario
143,smart_camera,access_log,visitor,attendance_control,cloud_service,yes,none,90,yes,yes,0,synthetic IoT privacy scenario
144,smart_lock,activity_data,visitor,wellness_program,local_server,yes,legal_obligation,365,no,no,1,synthetic IoT privacy scenario
145,smart_lock,temperature,student,attendance_control,cloud_service,no,none,90,no,yes,1,synthetic IoT privacy scenario
146,smart_camera,face_image,student,analytics,cloud_service,no,legal_obligation,180,yes,yes,1,synthetic IoT privacy scenario
147,smart_microphone,voice_recording,visitor,attendance_control,local_server,no,legal_obligation,90,no,yes,1,synthetic IoT privacy scenario
148,smart_camera,heart_rate,student,health_monitoring,local_server,no,legitimate_interest,30,no,yes,1,synthetic IoT privacy scenario
149,smart_camera,location,student,wellness_program,third_party_service,yes,consent,30,yes,yes,1,synthetic IoT privacy scenario
150,smart_watch,heart_rate,visitor,analytics,cloud_service,yes,legitimate_interest,30,no,no,1,synthetic IoT privacy scenario
151,smart_camera,face_image,employee,environment_control,cloud_service,no,legal_obligation,90,yes,yes,1,synthetic IoT privacy scenario
152,fitness_band,heart_rate,student,health_monitoring,third_party_service,yes,none,365,no,no,0,synthetic IoT privacy scenario
153,smart_lock,voice_recording,employee,analytics,local_server,yes,consent,60,no,yes,1,synthetic IoT privacy scenario
154,fitness_band,location,visitor,security_monitoring,cloud_service,yes,legitimate_interest,365,yes,yes,1,synthetic IoT privacy scenario
155,smart_microphone,location,visitor,security_monitoring,third_party_service,no,none,90,yes,no,0,synthetic IoT privacy scenario
156,smart_watch,temperature,visitor,health_monitoring,cloud_service,no,none,90,no,yes,1,synthetic IoT privacy scenario
157,fitness_band,temperature,visitor,security_monitoring,local_server,no,consent,180,yes,yes,1,synthetic IoT privacy scenario
158,rfid_badge,face_image,employee,attendance_control,local_server,yes,consent,90,yes,yes,1,synthetic IoT privacy scenario
159,smart_lock,location,visitor,security_monitoring,cloud_service,no,legal_obligation,30,yes,yes,1,synthetic IoT privacy scenario
160,fitness_band,face_image,student,analytics,cloud_service,yes,legitimate_interest,365,no,no,1,synthetic IoT privacy scenario
161,smart_lock,heart_rate,student,security_monitoring,third_party_service,yes,legitimate_interest,60,no,yes,1,synthetic IoT privacy scenario
162,smart_lock,face_image,student,attendance_control,cloud_service,no,consent,90,yes,no,1,synthetic IoT privacy scenario
163,smart_camera,activity_data,visitor,security_monitoring,third_party_service,no,consent,365,yes,no,1,synthetic IoT privacy scenario
164,smart_microphone,face_image,visitor,security_monitoring,cloud_service,no,legal_obligation,180,yes,yes,1,synthetic IoT privacy scenario
165,rfid_badge,temperature,student,attendance_control,cloud_service,no,consent,60,no,no,1,synthetic IoT privacy scenario
166,smart_microphone,heart_rate,employee,analytics,third_party_service,yes,legitimate_interest,90,no,yes,1,synthetic IoT privacy scenario
167,smart_lock,activity_data,employee,health_monitoring,local_server,yes,none,30,yes,no,0,synthetic IoT privacy scenario
168,rfid_badge,heart_rate,employee,environment_control,local_server,no,none,90,yes,yes,1,synthetic IoT privacy scenario
169,smart_microphone,access_log,visitor,attendance_control,third_party_service,yes,consent,180,no,yes,1,synthetic IoT privacy scenario
170,smart_microphone,heart_rate,employee,analytics,cloud_service,no,none,180,yes,yes,1,synthetic IoT privacy scenario
171,rfid_badge,face_image,employee,health_monitoring,cloud_service,no,legal_obligation,180,yes,no,1,synthetic IoT privacy scenario
172,environment_sensor,voice_recording,employee,attendance_control,cloud_service,no,legitimate_interest,180,yes,yes,1,synthetic IoT privacy scenario
173,smart_microphone,temperature,employee,environment_control,local_server,yes,consent,90,no,no,1,synthetic IoT privacy scenario
174,smart_lock,activity_data,student,security_monitoring,local_server,yes,legitimate_interest,60,yes,yes,1,synthetic IoT privacy scenario
175,smart_microphone,access_log,employee,environment_control,cloud_service,yes,consent,30,no,no,1,synthetic IoT privacy scenario
176,environment_sensor,access_log,student,environment_control,third_party_service,no,legal_obligation,365,no,no,1,synthetic IoT privacy scenario
177,smart_watch,face_image,visitor,health_monitoring,local_server,yes,legal_obligation,180,no,yes,1,synthetic IoT privacy scenario
178,rfid_badge,activity_data,employee,security_monitoring,local_server,no,none,60,yes,no,0,synthetic IoT privacy scenario
179,smart_camera,heart_rate,visitor,environment_control,cloud_service,no,consent,90,no,no,1,synthetic IoT privacy scenario
180,environment_sensor,heart_rate,student,environment_control,local_server,yes,consent,60,no,yes,1,synthetic IoT privacy scenario
181,rfid_badge,face_image,employee,analytics,local_server,no,consent,90,no,no,1,synthetic IoT privacy scenario
182,smart_lock,heart_rate,employee,security_monitoring,third_party_service,no,consent,90,no,yes,1,synthetic IoT privacy scenario
183,smart_camera,heart_rate,employee,attendance_control,local_server,yes,consent,180,yes,no,1,synthetic IoT privacy scenario
184,environment_sensor,voice_recording,employee,attendance_control,local_server,no,legitimate_interest,365,no,yes,1,synthetic IoT privacy scenario
185,smart_watch,activity_data,student,environment_control,third_party_service,no,legitimate_interest,30,yes,no,1,synthetic IoT privacy scenario
186,smart_watch,location,student,health_monitoring,cloud_service,yes,consent,30,no,yes,1,synthetic IoT privacy scenario
187,rfid_badge,heart_rate,employee,environment_control,local_server,no,legal_obligation,90,yes,yes,1,synthetic IoT privacy scenario
188,smart_lock,location,visitor,wellness_program,local_server,yes,legitimate_interest,90,yes,yes,1,synthetic IoT privacy scenario
189,fitness_band,temperature,student,environment_control,third_party_service,yes,legitimate_interest,365,yes,yes,1,synthetic IoT privacy scenario
190,smart_microphone,temperature,employee,health_monitoring,local_server,no,consent,365,no,no,1,synthetic IoT privacy scenario
191,fitness_band,access_log,employee,analytics,local_server,yes,legitimate_interest,365,yes,yes,1,synthetic IoT privacy scenario
192,smart_watch,activity_data,employee,attendance_control,third_party_service,no,legal_obligation,30,yes,yes,1,synthetic IoT privacy scenario
193,smart_lock,voice_recording,student,environment_control,local_server,no,legal_obligation,60,yes,no,1,synthetic IoT privacy scenario
194,smart_watch,access_log,employee,security_monitoring,cloud_service,yes,consent,30,no,yes,1,synthetic IoT privacy scenario
195,fitness_band,voice_recording,employee,environment_control,third_party_service,no,legal_obligation,180,no,no,1,synthetic IoT privacy scenario
196,smart_camera,activity_data,student,environment_control,cloud_service,no,consent,90,no,yes,1,synthetic IoT privacy scenario
197,smart_microphone,heart_rate,student,environment_control,local_server,yes,legal_obligation,30,yes,no,1,synthetic IoT privacy scenario
198,smart_lock,face_image,student,attendance_control,local_server,no,legitimate_interest,365,no,no,1,synthetic IoT privacy scenario
199,rfid_badge,access_log,student,wellness_program,local_server,yes,legitimate_interest,30,yes,no,1,synthetic IoT privacy scenario
200,smart_lock,heart_rate,student,analytics,cloud_service,no,consent,60,no,yes,1,synthetic IoT privacy scenario
201,smart_lock,face_image,employee,health_monitoring,cloud_service,no,consent,90,yes,yes,1,synthetic IoT privacy scenario
202,smart_watch,face_image,employee,wellness_program,local_server,yes,consent,60,no,yes,1,synthetic IoT privacy scenario
203,smart_camera,heart_rate,visitor,attendance_control,local_server,yes,legal_obligation,90,yes,no,1,synthetic IoT privacy scenario
204,smart_watch,location,visitor,attendance_control,third_party_service,yes,consent,180,yes,yes,1,synthetic IoT privacy scenario
205,smart_lock,location,employee,environment_control,cloud_service,no,consent,90,no,no,1,synthetic IoT privacy scenario
206,smart_lock,face_image,student,attendance_control,third_party_service,no,legitimate_interest,60,yes,yes,1,synthetic IoT privacy scenario
207,smart_microphone,voice_recording,visitor,analytics,local_server,yes,none,365,no,yes,0,synthetic IoT privacy scenario
208,rfid_badge,temperature,visitor,attendance_control,third_party_service,no,none,30,no,no,0,synthetic IoT privacy scenario
209,smart_lock,heart_rate,visitor,attendance_control,cloud_service,no,legal_obligation,365,yes,yes,1,synthetic IoT privacy scenario
210,smart_lock,heart_rate,employee,attendance_control,cloud_service,no,consent,30,no,no,1,synthetic IoT privacy scenario
211,environment_sensor,heart_rate,student,attendance_control,local_server,yes,consent,365,no,no,1,synthetic IoT privacy scenario
212,environment_sensor,heart_rate,visitor,wellness_program,third_party_service,yes,legal_obligation,90,no,yes,1,synthetic IoT privacy scenario
213,smart_camera,location,employee,health_monitoring,cloud_service,yes,none,365,no,no,0,synthetic IoT privacy scenario
214,fitness_band,face_image,visitor,analytics,local_server,yes,none,365,no,no,0,synthetic IoT privacy scenario
215,smart_camera,voice_recording,visitor,security_monitoring,third_party_service,yes,consent,60,yes,yes,1,synthetic IoT privacy scenario
216,smart_lock,heart_rate,employee,environment_control,local_server,no,consent,30,yes,yes,1,synthetic IoT privacy scenario
217,rfid_badge,voice_recording,student,wellness_program,local_server,yes,legal_obligation,60,yes,no,1,synthetic IoT privacy scenario
218,fitness_band,heart_rate,student,health_monitoring,local_server,no,consent,180,yes,no,1,synthetic IoT privacy scenario
219,environment_sensor,voice_recording,visitor,health_monitoring,cloud_service,yes,legal_obligation,30,yes,yes,1,synthetic IoT privacy scenario
220,smart_lock,temperature,visitor,attendance_control,cloud_service,yes,none,180,yes,no,0,synthetic IoT privacy scenario
221,smart_microphone,location,employee,analytics,local_server,yes,none,60,no,no,0,synthetic IoT privacy scenario
222,smart_camera,heart_rate,visitor,environment_control,third_party_service,no,consent,30,yes,no,1,synthetic IoT privacy scenario
223,smart_microphone,face_image,visitor,attendance_control,third_party_service,yes,legal_obligation,365,yes,yes,1,synthetic IoT privacy scenario
224,smart_lock,voice_recording,student,analytics,third_party_service,yes,none,180,yes,no,0,synthetic IoT privacy scenario
225,smart_watch,voice_recording,visitor,security_monitoring,third_party_service,yes,legitimate_interest,60,yes,no,1,synthetic IoT privacy scenario
226,smart_microphone,voice_recording,employee,health_monitoring,local_server,yes,consent,365,no,no,1,synthetic IoT privacy scenario
227,smart_microphone,activity_data,employee,attendance_control,third_party_service,no,consent,60,no,no,1,synthetic IoT privacy scenario
228,smart_lock,voice_recording,student,attendance_control,local_server,no,legitimate_interest,180,yes,yes,1,synthetic IoT privacy scenario
229,fitness_band,location,employee,attendance_control,cloud_service,yes,legitimate_interest,365,yes,yes,1,synthetic IoT privacy scenario
230,smart_lock,heart_rate,employee,security_monitoring,third_party_service,yes,legitimate_interest,180,yes,no,1,synthetic IoT privacy scenario
231,fitness_band,face_image,employee,health_monitoring,third_party_service,yes,consent,60,no,no,1,synthetic IoT privacy scenario
232,environment_sensor,heart_rate,student,wellness_program,third_party_service,yes,legal_obligation,365,no,yes,1,synthetic IoT privacy scenario
233,fitness_band,access_log,visitor,attendance_control,cloud_service,no,legitimate_interest,30,yes,yes,1,synthetic IoT privacy scenario
234,smart_lock,location,employee,attendance_control,local_server,yes,none,365,no,no,0,synthetic IoT privacy scenario
235,fitness_band,face_image,employee,attendance_control,cloud_service,no,legal_obligation,365,no,yes,1,synthetic IoT privacy scenario
236,rfid_badge,heart_rate,visitor,health_monitoring,cloud_service,yes,legitimate_interest,90,no,no,1,synthetic IoT privacy scenario
237,smart_camera,temperature,student,wellness_program,local_server,no,consent,365,no,yes,1,synthetic IoT privacy scenario
238,smart_watch,activity_data,visitor,health_monitoring,local_server,no,legal_obligation,90,yes,no,1,synthetic IoT privacy scenario
239,smart_microphone,location,visitor,health_monitoring,local_server,yes,legal_obligation,60,no,yes,1,synthetic IoT privacy scenario
240,fitness_band,voice_recording,visitor,environment_control,third_party_service,yes,consent,60,yes,yes,1,synthetic IoT privacy scenario
241,smart_watch,access_log,employee,analytics,local_server,yes,legal_obligation,365,no,no,1,synthetic IoT privacy scenario
242,environment_sensor,heart_rate,employee,health_monitoring,third_party_service,no,none,180,yes,no,0,synthetic IoT privacy scenario
243,rfid_badge,face_image,student,environment_control,local_server,yes,none,90,no,yes,0,synthetic IoT privacy scenario
244,fitness_band,heart_rate,visitor,security_monitoring,third_party_service,no,legitimate_interest,180,no,no,1,synthetic IoT privacy scenario
245,smart_microphone,temperature,visitor,security_monitoring,cloud_service,no,legitimate_interest,90,yes,no,1,synthetic IoT privacy scenario
246,smart_watch,voice_recording,visitor,attendance_control,cloud_service,yes,none,365,yes,yes,0,synthetic IoT privacy scenario
247,smart_watch,heart_rate,student,security_monitoring,third_party_service,yes,none,180,no,no,0,synthetic IoT privacy scenario
248,fitness_band,face_image,employee,environment_control,third_party_service,no,none,180,no,yes,1,synthetic IoT privacy scenario
249,smart_lock,face_image,student,security_monitoring,third_party_service,no,legitimate_interest,90,yes,no,1,synthetic IoT privacy scenario
250,rfid_badge,heart_rate,employee,analytics,third_party_service,no,none,365,yes,yes,1,synthetic IoT privacy scenario
251,smart_watch,voice_recording,employee,environment_control,cloud_service,yes,consent,60,yes,yes,1,synthetic IoT privacy scenario
252,smart_watch,activity_data,visitor,attendance_control,third_party_service,yes,consent,365,no,no,1,synthetic IoT privacy scenario
253,fitness_band,access_log,student,analytics,cloud_service,yes,legitimate_interest,30,no,yes,1,synthetic IoT privacy scenario
254,rfid_badge,temperature,visitor,health_monitoring,local_server,no,legal_obligation,365,no,no,1,synthetic IoT privacy scenario
255,smart_watch,heart_rate,employee,analytics,local_server,no,legitimate_interest,30,no,no,1,synthetic IoT privacy scenario
256,smart_lock,location,student,environment_control,third_party_service,no,none,365,no,no,0,synthetic IoT privacy scenario
257,smart_lock,access_log,student,environment_control,local_server,yes,consent,180,yes,yes,1,synthetic IoT privacy scenario
258,environment_sensor,voice_recording,visitor,analytics,third_party_service,yes,legal_obligation,90,yes,no,1,synthetic IoT privacy scenario
259,smart_lock,location,employee,security_monitoring,local_server,no,legitimate_interest,30,yes,yes,1,synthetic IoT privacy scenario
260,environment_sensor,activity_data,visitor,security_monitoring,local_server,yes,legal_obligation,60,yes,yes,1,synthetic IoT privacy scenario
261,rfid_badge,activity_data,visitor,environment_control,cloud_service,yes,legitimate_interest,90,yes,no,1,synthetic IoT privacy scenario
262,smart_lock,temperature,student,security_monitoring,third_party_service,no,consent,365,yes,yes,1,synthetic IoT privacy scenario
263,rfid_badge,location,visitor,attendance_control,local_server,no,none,90,no,no,0,synthetic IoT privacy scenario
264,rfid_badge,temperature,student,analytics,cloud_service,yes,consent,90,no,no,1,synthetic IoT privacy scenario
265,smart_lock,temperature,visitor,health_monitoring,local_server,no,none,60,yes,no,0,synthetic IoT privacy scenario
266,smart_camera,temperature,student,wellness_program,local_server,no,consent,90,yes,no,1,synthetic IoT privacy scenario
267,rfid_badge,access_log,student,wellness_program,third_party_service,no,legitimate_interest,60,yes,no,1,synthetic IoT privacy scenario
268,smart_lock,access_log,student,attendance_control,local_server,yes,none,90,no,no,0,synthetic IoT privacy scenario
269,fitness_band,face_image,student,security_monitoring,cloud_service,no,none,365,yes,yes,1,synthetic IoT privacy scenario
270,smart_camera,temperature,employee,environment_control,cloud_service,yes,none,365,no,no,0,synthetic IoT privacy scenario
271,fitness_band,voice_recording,student,health_monitoring,cloud_service,no,none,365,yes,yes,1,synthetic IoT privacy scenario
272,fitness_band,temperature,student,environment_control,cloud_service,no,legitimate_interest,30,yes,no,1,synthetic IoT privacy scenario
273,fitness_band,heart_rate,visitor,security_monitoring,local_server,no,legal_obligation,365,no,no,1,synthetic IoT privacy scenario
274,smart_lock,activity_data,student,wellness_program,local_server,no,none,30,no,yes,1,synthetic IoT privacy scenario
275,smart_lock,location,student,analytics,third_party_service,no,none,180,yes,yes,1,synthetic IoT privacy scenario
276,environment_sensor,heart_rate,student,analytics,local_server,yes,legal_obligation,90,yes,yes,1,synthetic IoT privacy scenario
277,fitness_band,heart_rate,visitor,wellness_program,cloud_service,yes,none,90,yes,no,0,synthetic IoT privacy scenario
278,smart_microphone,voice_recording,visitor,environment_control,third_party_service,yes,none,180,yes,yes,0,synthetic IoT privacy scenario
279,environment_sensor,temperature,student,attendance_control,local_server,yes,none,180,no,no,0,synthetic IoT privacy scenario
280,smart_watch,location,employee,health_monitoring,local_server,no,legal_obligation,90,yes,yes,1,synthetic IoT privacy scenario
281,rfid_badge,access_log,student,health_monitoring,cloud_service,no,consent,365,no,no,1,synthetic IoT privacy scenario
282,fitness_band,heart_rate,visitor,security_monitoring,third_party_service,no,legitimate_interest,365,no,yes,1,synthetic IoT privacy scenario
283,smart_camera,access_log,visitor,attendance_control,third_party_service,no,legitimate_interest,90,yes,no,1,synthetic IoT privacy scenario
284,smart_watch,face_image,student,analytics,third_party_service,yes,legal_obligation,365,no,yes,1,synthetic IoT privacy scenario
285,smart_lock,voice_recording,employee,analytics,local_server,yes,consent,30,yes,no,1,synthetic IoT privacy scenario
286,smart_lock,face_image,employee,attendance_control,third_party_service,no,legal_obligation,30,no,no,1,synthetic IoT privacy scenario
287,environment_sensor,voice_recording,visitor,health_monitoring,local_server,yes,none,60,yes,yes,0,synthetic IoT privacy scenario
288,smart_watch,access_log,student,analytics,cloud_service,no,legitimate_interest,30,yes,no,1,synthetic IoT privacy scenario
289,smart_watch,location,student,attendance_control,third_party_service,no,none,60,no,no,0,synthetic IoT privacy scenario
290,smart_lock,access_log,visitor,wellness_program,third_party_service,yes,legitimate_interest,60,yes,no,1,synthetic IoT privacy scenario
291,smart_watch,face_image,employee,analytics,local_server,no,legal_obligation,90,yes,no,1,synthetic IoT privacy scenario
292,rfid_badge,face_image,student,wellness_program,third_party_service,no,consent,180,no,no,1,synthetic IoT privacy scenario
293,rfid_badge,location,student,security_monitoring,local_server,yes,none,30,no,yes,0,synthetic IoT privacy scenario
294,smart_camera,heart_rate,employee,health_monitoring,cloud_service,yes,legal_obligation,60,yes,no,1,synthetic IoT privacy scenario
295,environment_sensor,activity_data,visitor,security_monitoring,local_server,no,consent,365,yes,yes,1,synthetic IoT privacy scenario
296,smart_camera,voice_recording,visitor,attendance_control,third_party_service,no,legitimate_interest,60,no,yes,1,synthetic IoT privacy scenario
297,smart_camera,temperature,student,health_monitoring,local_server,yes,legal_obligation,180,no,no,1,synthetic IoT privacy scenario
298,smart_watch,activity_data,student,attendance_control,local_server,yes,legal_obligation,90,yes,yes,1,synthetic IoT privacy scenario
299,smart_microphone,temperature,visitor,wellness_program,local_server,no,legitimate_interest,365,yes,yes,1,synthetic IoT privacy scenario
300,rfid_badge,voice_recording,visitor,attendance_control,local_server,yes,consent,30,yes,no,1,synthetic IoT privacy scenario
301,rfid_badge,face_image,visitor,health_monitoring,cloud_service,yes,legal_obligation,90,no,no,1,synthetic IoT privacy scenario
302,smart_camera,heart_rate,employee,health_monitoring,local_server,no,consent,365,no,yes,1,synthetic IoT privacy scenario
303,smart_camera,voice_recording,student,wellness_program,third_party_service,no,legitimate_interest,60,yes,no,1,synthetic IoT privacy scenario
304,rfid_badge,heart_rate,student,environment_control,third_party_service,yes,consent,30,no,no,1,synthetic IoT privacy scenario
305,smart_camera,face_image,employee,security_monitoring,local_server,yes,legal_obligation,30,no,yes,1,synthetic IoT privacy scenario
306,fitness_band,heart_rate,student,health_monitoring,cloud_service,yes,legal_obligation,30,yes,yes,1,synthetic IoT privacy scenario
307,smart_camera,face_image,visitor,attendance_control,local_server,yes,consent,90,no,no,1,synthetic IoT privacy scenario
308,rfid_badge,heart_rate,visitor,health_monitoring,local_server,no,legal_obligation,90,yes,yes,1,synthetic IoT privacy scenario
309,fitness_band,location,visitor,health_monitoring,cloud_service,yes,legal_obligation,90,no,no,1,synthetic IoT privacy scenario
310,smart_microphone,temperature,employee,wellness_program,third_party_service,no,consent,60,no,no,1,synthetic IoT privacy scenario
311,smart_lock,voice_recording,visitor,security_monitoring,third_party_service,yes,legal_obligation,60,no,yes,1,synthetic IoT privacy scenario
312,smart_lock,face_image,visitor,security_monitoring,local_server,yes,legal_obligation,180,yes,no,1,synthetic IoT privacy scenario
313,rfid_badge,face_image,employee,health_monitoring,local_server,no,consent,30,no,no,1,synthetic IoT privacy scenario
314,fitness_band,location,visitor,attendance_control,cloud_service,no,consent,365,yes,no,1,synthetic IoT privacy scenario
315,smart_camera,activity_data,employee,analytics,cloud_service,no,legal_obligation,60,yes,yes,1,synthetic IoT privacy scenario
316,fitness_band,heart_rate,student,analytics,cloud_service,no,legal_obligation,90,no,no,1,synthetic IoT privacy scenario
317,smart_lock,face_image,student,health_monitoring,cloud_service,yes,none,30,yes,no,0,synthetic IoT privacy scenario
318,smart_camera,temperature,student,analytics,cloud_service,yes,legal_obligation,180,yes,yes,1,synthetic IoT privacy scenario
319,smart_microphone,activity_data,employee,wellness_program,cloud_service,no,consent,180,yes,no,1,synthetic IoT privacy scenario
320,environment_sensor,heart_rate,student,environment_control,local_server,yes,none,365,no,no,0,synthetic IoT privacy scenario
321,smart_microphone,face_image,employee,health_monitoring,cloud_service,yes,none,180,no,no,0,synthetic IoT privacy scenario
322,fitness_band,temperature,student,security_monitoring,cloud_service,no,legal_obligation,30,yes,no,1,synthetic IoT privacy scenario
323,fitness_band,temperature,student,attendance_control,third_party_service,yes,none,90,yes,yes,0,synthetic IoT privacy scenario
324,smart_lock,face_image,employee,health_monitoring,cloud_service,yes,none,365,no,yes,0,synthetic IoT privacy scenario
325,smart_lock,location,employee,security_monitoring,cloud_service,yes,none,60,yes,no,0,synthetic IoT privacy scenario
326,fitness_band,face_image,visitor,security_monitoring,cloud_service,yes,consent,365,yes,no,1,synthetic IoT privacy scenario
327,smart_lock,heart_rate,student,wellness_program,third_party_service,no,legal_obligation,180,yes,no,1,synthetic IoT privacy scenario
328,environment_sensor,heart_rate,employee,health_monitoring,local_server,yes,consent,365,yes,no,1,synthetic IoT privacy scenario
329,smart_microphone,voice_recording,student,health_monitoring,cloud_service,no,consent,365,yes,no,1,synthetic IoT privacy scenario
330,fitness_band,location,visitor,attendance_control,local_server,yes,consent,180,yes,yes,1,synthetic IoT privacy scenario
331,smart_camera,voice_recording,student,security_monitoring,third_party_service,no,legal_obligation,180,no,yes,1,synthetic IoT privacy scenario
332,environment_sensor,location,student,security_monitoring,cloud_service,yes,none,30,yes,yes,0,synthetic IoT privacy scenario
333,smart_microphone,activity_data,student,wellness_program,local_server,yes,legal_obligation,90,no,no,1,synthetic IoT privacy scenario
334,environment_sensor,face_image,visitor,health_monitoring,third_party_service,yes,legitimate_interest,30,no,no,1,synthetic IoT privacy scenario
335,smart_lock,location,employee,analytics,cloud_service,no,legitimate_interest,60,no,no,1,synthetic IoT privacy scenario
336,rfid_badge,activity_data,employee,analytics,local_server,yes,consent,365,yes,yes,1,synthetic IoT privacy scenario
337,smart_camera,voice_recording,employee,environment_control,cloud_service,no,none,30,no,yes,1,synthetic IoT privacy scenario
338,smart_camera,activity_data,employee,environment_control,cloud_service,no,none,90,no,yes,1,synthetic IoT privacy scenario
339,smart_camera,location,employee,health_monitoring,third_party_service,no,legal_obligation,30,yes,yes,1,synthetic IoT privacy scenario
340,smart_microphone,heart_rate,visitor,attendance_control,cloud_service,no,legal_obligation,90,yes,no,1,synthetic IoT privacy scenario
341,fitness_band,face_image,visitor,attendance_control,local_server,no,legal_obligation,30,yes,yes,1,synthetic IoT privacy scenario
342,smart_watch,face_image,employee,attendance_control,cloud_service,yes,none,90,no,yes,0,synthetic IoT privacy scenario
343,rfid_badge,temperature,student,wellness_program,local_server,no,legal_obligation,60,yes,no,1,synthetic IoT privacy scenario
344,fitness_band,temperature,employee,security_monitoring,third_party_service,yes,consent,180,yes,yes,1,synthetic IoT privacy scenario
345,smart_camera,location,visitor,wellness_program,cloud_service,yes,legitimate_interest,365,no,no,1,synthetic IoT privacy scenario
346,smart_lock,temperature,visitor,health_monitoring,cloud_service,yes,legitimate_interest,180,yes,yes,1,synthetic IoT privacy scenario
347,smart_camera,access_log,visitor,attendance_control,third_party_service,no,none,90,yes,no,0,synthetic IoT privacy scenario
348,smart_camera,activity_data,student,wellness_program,local_server,yes,legitimate_interest,180,no,yes,1,synthetic IoT privacy scenario
349,smart_lock,heart_rate,visitor,environment_control,third_party_service,yes,none,180,no,yes,0,synthetic IoT privacy scenario
350,smart_microphone,access_log,employee,health_monitoring,third_party_service,yes,legal_obligation,60,no,yes,1,synthetic IoT privacy scenario
351,smart_camera,access_log,visitor,analytics,third_party_service,yes,none,90,no,no,0,synthetic IoT privacy scenario
352,rfid_badge,location,student,wellness_program,third_party_service,yes,legitimate_interest,180,yes,yes,1,synthetic IoT privacy scenario
353,smart_watch,access_log,student,attendance_control,cloud_service,no,legitimate_interest,60,no,yes,1,synthetic IoT privacy scenario
354,rfid_badge,temperature,employee,health_monitoring,local_server,yes,legal_obligation,180,no,no,1,synthetic IoT privacy scenario
355,environment_sensor,access_log,visitor,attendance_control,local_server,no,legal_obligation,60,yes,no,1,synthetic IoT privacy scenario
356,fitness_band,activity_data,student,health_monitoring,third_party_service,yes,legal_obligation,90,yes,no,1,synthetic IoT privacy scenario
357,fitness_band,temperature,student,security_monitoring,third_party_service,no,legal_obligation,90,no,no,1,synthetic IoT privacy scenario
358,smart_lock,location,employee,attendance_control,third_party_service,yes,none,365,yes,no,0,synthetic IoT privacy scenario
359,smart_microphone,heart_rate,visitor,health_monitoring,local_server,no,none,365,no,yes,1,synthetic IoT privacy scenario
360,smart_watch,location,employee,attendance_control,cloud_service,no,none,180,no,yes,1,synthetic IoT privacy scenario
361,fitness_band,temperature,employee,environment_control,third_party_service,no,legal_obligation,180,no,yes,1,synthetic IoT privacy scenario
362,environment_sensor,face_image,visitor,health_monitoring,third_party_service,no,legitimate_interest,30,no,yes,1,synthetic IoT privacy scenario
363,rfid_badge,heart_rate,employee,security_monitoring,local_server,no,legal_obligation,30,yes,no,1,synthetic IoT privacy scenario
364,smart_lock,access_log,student,wellness_program,local_server,yes,legitimate_interest,30,no,no,1,synthetic IoT privacy scenario
365,smart_watch,temperature,student,wellness_program,third_party_service,no,consent,60,no,no,1,synthetic IoT privacy scenario
366,smart_watch,heart_rate,student,health_monitoring,local_server,no,none,30,yes,no,0,synthetic IoT privacy scenario
367,smart_lock,temperature,student,health_monitoring,third_party_service,no,none,180,yes,no,0,synthetic IoT privacy scenario
368,smart_microphone,access_log,student,wellness_program,local_server,yes,consent,60,yes,yes,1,synthetic IoT privacy scenario
369,smart_camera,activity_data,employee,analytics,third_party_service,yes,legal_obligation,90,no,yes,1,synthetic IoT privacy scenario
370,smart_lock,heart_rate,visitor,analytics,cloud_service,no,legal_obligation,30,yes,no,1,synthetic IoT privacy scenario
371,smart_microphone,activity_data,employee,health_monitoring,third_party_service,no,consent,180,yes,no,1,synthetic IoT privacy scenario
372,fitness_band,activity_data,visitor,environment_control,cloud_service,no,legitimate_interest,30,yes,no,1,synthetic IoT privacy scenario
373,rfid_badge,location,visitor,environment_control,local_server,yes,legitimate_interest,90,no,yes,1,synthetic IoT privacy scenario
374,rfid_badge,voice_recording,student,wellness_program,cloud_service,no,none,365,yes,yes,1,synthetic IoT privacy scenario
375,smart_watch,face_image,visitor,environment_control,cloud_service,no,legitimate_interest,365,yes,yes,1,synthetic IoT privacy scenario
376,environment_sensor,location,student,security_monitoring,cloud_service,no,consent,30,no,yes,1,synthetic IoT privacy scenario
377,smart_camera,face_image,student,wellness_program,local_server,no,legitimate_interest,365,no,no,1,synthetic IoT privacy scenario
378,smart_camera,access_log,student,analytics,third_party_service,no,legitimate_interest,60,yes,no,1,synthetic IoT privacy scenario
379,environment_sensor,activity_data,employee,environment_control,third_party_service,no,legal_obligation,90,no,yes,1,synthetic IoT privacy scenario
380,rfid_badge,location,employee,health_monitoring,cloud_service,yes,consent,30,no,yes,1,synthetic IoT privacy scenario
381,environment_sensor,location,visitor,analytics,cloud_service,no,none,180,no,no,0,synthetic IoT privacy scenario
382,environment_sensor,heart_rate,visitor,analytics,local_server,no,legitimate_interest,30,no,no,1,synthetic IoT privacy scenario
383,smart_lock,activity_data,visitor,security_monitoring,cloud_service,yes,consent,30,no,yes,1,synthetic IoT privacy scenario
384,rfid_badge,face_image,student,security_monitoring,cloud_service,no,none,30,no,yes,1,synthetic IoT privacy scenario
385,smart_watch,face_image,employee,health_monitoring,cloud_service,yes,legitimate_interest,365,no,yes,1,synthetic IoT privacy scenario
386,smart_watch,temperature,employee,environment_control,local_server,yes,legitimate_interest,90,no,yes,1,synthetic IoT privacy scenario
387,smart_camera,face_image,visitor,health_monitoring,local_server,yes,legitimate_interest,365,yes,no,1,synthetic IoT privacy scenario
388,smart_camera,location,student,environment_control,cloud_service,yes,consent,180,yes,no,1,synthetic IoT privacy scenario
389,smart_camera,access_log,student,environment_control,third_party_service,yes,none,365,yes,no,0,synthetic IoT privacy scenario
390,smart_watch,voice_recording,student,health_monitoring,local_server,yes,legal_obligation,30,no,no,1,synthetic IoT privacy scenario
391,smart_camera,face_image,student,environment_control,third_party_service,no,none,60,no,no,0,synthetic IoT privacy scenario
392,smart_lock,access_log,employee,analytics,cloud_service,yes,consent,30,no,yes,1,synthetic IoT privacy scenario
393,environment_sensor,face_image,employee,wellness_program,third_party_service,no,consent,180,yes,yes,1,synthetic IoT privacy scenario
394,smart_camera,face_image,employee,health_monitoring,cloud_service,yes,legal_obligation,365,no,no,1,synthetic IoT privacy scenario
395,smart_watch,access_log,student,wellness_program,local_server,no,none,365,no,yes,1,synthetic IoT privacy scenario
396,smart_camera,face_image,student,wellness_program,cloud_service,no,legal_obligation,60,no,no,1,synthetic IoT privacy scenario
397,environment_sensor,voice_recording,student,health_monitoring,local_server,no,consent,365,yes,yes,1,synthetic IoT privacy scenario
398,smart_microphone,location,student,attendance_control,cloud_service,yes,legitimate_interest,180,yes,yes,1,synthetic IoT privacy scenario
399,smart_camera,temperature,employee,attendance_control,third_party_service,yes,legitimate_interest,180,no,yes,1,synthetic IoT privacy scenario
400,smart_lock,activity_data,employee,attendance_control,third_party_service,no,legitimate_interest,30,yes,yes,1,synthetic IoT privacy scenario
401,fitness_band,location,student,wellness_program,cloud_service,no,none,60,yes,yes,1,synthetic IoT privacy scenario
402,rfid_badge,voice_recording,employee,environment_control,local_server,yes,legal_obligation,90,yes,no,1,synthetic IoT privacy scenario
403,environment_sensor,voice_recording,student,environment_control,third_party_service,yes,legal_obligation,30,no,no,1,synthetic IoT privacy scenario
404,smart_camera,heart_rate,employee,health_monitoring,cloud_service,yes,consent,60,yes,no,1,synthetic IoT privacy scenario
405,rfid_badge,access_log,student,security_monitoring,third_party_service,yes,consent,90,no,no,1,synthetic IoT privacy scenario
406,smart_microphone,temperature,employee,attendance_control,cloud_service,no,legal_obligation,90,no,yes,1,synthetic IoT privacy scenario
407,rfid_badge,voice_recording,visitor,health_monitoring,cloud_service,yes,legal_obligation,30,yes,yes,1,synthetic IoT privacy scenario
408,smart_camera,temperature,employee,wellness_program,local_server,yes,legitimate_interest,60,yes,no,1,synthetic IoT privacy scenario
409,rfid_badge,access_log,employee,wellness_program,local_server,yes,none,90,yes,no,0,synthetic IoT privacy scenario
410,environment_sensor,access_log,visitor,health_monitoring,local_server,no,none,60,yes,yes,1,synthetic IoT privacy scenario
411,smart_microphone,heart_rate,employee,wellness_program,third_party_service,yes,legal_obligation,30,yes,yes,1,synthetic IoT privacy scenario
412,smart_microphone,access_log,student,attendance_control,third_party_service,yes,none,30,no,yes,0,synthetic IoT privacy scenario
413,fitness_band,location,employee,environment_control,local_server,yes,legal_obligation,180,yes,yes,1,synthetic IoT privacy scenario
414,rfid_badge,voice_recording,employee,wellness_program,cloud_service,no,legal_obligation,365,yes,yes,1,synthetic IoT privacy scenario
415,smart_watch,location,student,analytics,cloud_service,no,consent,90,yes,yes,1,synthetic IoT privacy scenario
416,smart_camera,activity_data,employee,attendance_control,local_server,no,none,365,no,yes,1,synthetic IoT privacy scenario
417,smart_lock,access_log,student,health_monitoring,cloud_service,yes,legitimate_interest,90,yes,no,1,synthetic IoT privacy scenario
418,smart_lock,location,employee,security_monitoring,cloud_service,no,legal_obligation,90,no,no,1,synthetic IoT privacy scenario
419,environment_sensor,face_image,visitor,security_monitoring,local_server,no,legitimate_interest,30,no,yes,1,synthetic IoT privacy scenario
420,rfid_badge,temperature,visitor,analytics,local_server,no,legitimate_interest,90,no,no,1,synthetic IoT privacy scenario
421,smart_lock,location,student,security_monitoring,local_server,yes,none,365,yes,yes,0,synthetic IoT privacy scenario
422,fitness_band,location,employee,environment_control,third_party_service,yes,legitimate_interest,30,no,no,1,synthetic IoT privacy scenario
423,smart_watch,temperature,student,security_monitoring,local_server,yes,legitimate_interest,60,no,yes,1,synthetic IoT privacy scenario
424,fitness_band,activity_data,employee,health_monitoring,third_party_service,yes,legitimate_interest,365,no,yes,1,synthetic IoT privacy scenario
425,fitness_band,face_image,visitor,environment_control,local_server,no,legal_obligation,30,yes,no,1,synthetic IoT privacy scenario
426,smart_watch,heart_rate,employee,analytics,cloud_service,no,none,30,yes,no,0,synthetic IoT privacy scenario
427,environment_sensor,location,visitor,environment_control,third_party_service,yes,legitimate_interest,365,no,no,1,synthetic IoT privacy scenario
428,rfid_badge,activity_data,employee,attendance_control,local_server,yes,legal_obligation,30,yes,yes,1,synthetic IoT privacy scenario
429,smart_microphone,location,student,security_monitoring,local_server,yes,consent,60,yes,no,1,synthetic IoT privacy scenario
430,fitness_band,access_log,visitor,health_monitoring,local_server,yes,consent,365,yes,yes,1,synthetic IoT privacy scenario
431,environment_sensor,voice_recording,employee,attendance_control,third_party_service,no,legitimate_interest,180,yes,yes,1,synthetic IoT privacy scenario
432,smart_lock,access_log,student,wellness_program,cloud_service,yes,none,90,yes,yes,0,synthetic IoT privacy scenario
433,smart_lock,voice_recording,visitor,health_monitoring,third_party_service,yes,legitimate_interest,90,yes,no,1,synthetic IoT privacy scenario
434,rfid_badge,access_log,visitor,analytics,third_party_service,yes,legal_obligation,365,no,yes,1,synthetic IoT privacy scenario
435,fitness_band,location,employee,environment_control,cloud_service,no,consent,180,no,yes,1,synthetic IoT privacy scenario
436,rfid_badge,temperature,student,analytics,local_server,no,legal_obligation,180,yes,no,1,synthetic IoT privacy scenario
437,smart_watch,heart_rate,visitor,environment_control,third_party_service,yes,consent,180,no,no,1,synthetic IoT privacy scenario
438,rfid_badge,face_image,visitor,attendance_control,cloud_service,yes,legal_obligation,90,yes,no,1,synthetic IoT privacy scenario
439,smart_camera,location,visitor,analytics,local_server,yes,legitimate_interest,180,yes,yes,1,synthetic IoT privacy scenario
440,environment_sensor,face_image,employee,security_monitoring,third_party_service,yes,legal_obligation,60,no,no,1,synthetic IoT privacy scenario
441,smart_watch,face_image,visitor,security_monitoring,cloud_service,no,consent,60,yes,no,1,synthetic IoT privacy scenario
442,rfid_badge,activity_data,employee,analytics,third_party_service,yes,legitimate_interest,90,no,yes,1,synthetic IoT privacy scenario
443,environment_sensor,voice_recording,visitor,attendance_control,cloud_service,yes,legal_obligation,365,yes,no,1,synthetic IoT privacy scenario
444,smart_microphone,face_image,employee,wellness_program,third_party_service,yes,legal_obligation,180,no,no,1,synthetic IoT privacy scenario
445,smart_microphone,heart_rate,employee,attendance_control,local_server,yes,legal_obligation,180,yes,yes,1,synthetic IoT privacy scenario
446,fitness_band,face_image,visitor,analytics,cloud_service,no,none,365,yes,yes,1,synthetic IoT privacy scenario
447,smart_watch,temperature,student,health_monitoring,cloud_service,yes,consent,90,no,no,1,synthetic IoT privacy scenario
448,rfid_badge,heart_rate,student,attendance_control,third_party_service,no,legal_obligation,90,yes,yes,1,synthetic IoT privacy scenario
449,environment_sensor,access_log,visitor,wellness_program,third_party_service,no,consent,90,yes,yes,1,synthetic IoT privacy scenario
450,smart_microphone,face_image,student,health_monitoring,third_party_service,no,legal_obligation,60,no,no,1,synthetic IoT privacy scenario
451,smart_watch,heart_rate,employee,attendance_control,cloud_service,yes,consent,60,yes,no,1,synthetic IoT privacy scenario
452,fitness_band,voice_recording,student,environment_control,local_server,no,consent,365,no,yes,1,synthetic IoT privacy scenario
453,environment_sensor,location,employee,health_monitoring,third_party_service,no,legal_obligation,30,no,yes,1,synthetic IoT privacy scenario
454,environment_sensor,access_log,employee,wellness_program,third_party_service,yes,consent,365,yes,no,1,synthetic IoT privacy scenario
455,fitness_band,face_image,visitor,environment_control,local_server,no,legal_obligation,180,yes,no,1,synthetic IoT privacy scenario
456,smart_lock,voice_recording,visitor,health_monitoring,local_server,no,legitimate_interest,180,yes,no,1,synthetic IoT privacy scenario
457,smart_watch,activity_data,employee,analytics,third_party_service,yes,none,90,no,yes,0,synthetic IoT privacy scenario
458,smart_camera,access_log,student,analytics,local_server,yes,legitimate_interest,90,no,yes,1,synthetic IoT privacy scenario
459,fitness_band,face_image,employee,analytics,third_party_service,yes,legitimate_interest,90,yes,no,1,synthetic IoT privacy scenario
460,rfid_badge,access_log,employee,environment_control,cloud_service,yes,legitimate_interest,365,yes,yes,1,synthetic IoT privacy scenario
461,smart_microphone,location,student,environment_control,cloud_service,yes,legal_obligation,90,no,yes,1,synthetic IoT privacy scenario
462,smart_microphone,heart_rate,student,attendance_control,cloud_service,yes,consent,180,yes,yes,1,synthetic IoT privacy scenario
463,smart_camera,access_log,employee,health_monitoring,cloud_service,yes,legal_obligation,60,no,yes,1,synthetic IoT privacy scenario
464,smart_camera,access_log,employee,health_monitoring,local_server,no,consent,365,yes,yes,1,synthetic IoT privacy scenario
465,rfid_badge,activity_data,employee,health_monitoring,cloud_service,yes,legal_obligation,30,no,yes,1,synthetic IoT privacy scenario
466,rfid_badge,voice_recording,student,security_monitoring,local_server,yes,none,365,no,no,0,synthetic IoT privacy scenario
467,smart_camera,activity_data,employee,health_monitoring,local_server,no,none,180,yes,no,0,synthetic IoT privacy scenario
468,smart_microphone,access_log,employee,security_monitoring,third_party_service,no,none,60,yes,yes,1,synthetic IoT privacy scenario
469,fitness_band,activity_data,student,wellness_program,third_party_service,no,legal_obligation,30,yes,no,1,synthetic IoT privacy scenario
470,fitness_band,voice_recording,student,attendance_control,cloud_service,no,consent,60,yes,no,1,synthetic IoT privacy scenario
471,smart_camera,activity_data,employee,environment_control,third_party_service,yes,legal_obligation,365,yes,no,1,synthetic IoT privacy scenario
472,smart_lock,temperature,visitor,environment_control,third_party_service,no,legal_obligation,30,no,no,1,synthetic IoT privacy scenario
473,fitness_band,face_image,student,attendance_control,third_party_service,no,none,60,no,yes,1,synthetic IoT privacy scenario
474,environment_sensor,heart_rate,visitor,wellness_program,third_party_service,no,consent,90,yes,no,1,synthetic IoT privacy scenario
475,rfid_badge,face_image,visitor,health_monitoring,cloud_service,yes,none,90,yes,no,0,synthetic IoT privacy scenario
476,environment_sensor,temperature,student,security_monitoring,third_party_service,no,legal_obligation,90,yes,no,1,synthetic IoT privacy scenario
477,fitness_band,face_image,student,health_monitoring,local_server,no,none,365,yes,yes,1,synthetic IoT privacy scenario
478,smart_watch,access_log,visitor,attendance_control,local_server,yes,legitimate_interest,90,no,no,1,synthetic IoT privacy scenario
479,smart_microphone,heart_rate,employee,security_monitoring,local_server,no,legal_obligation,30,no,no,1,synthetic IoT privacy scenario
480,rfid_badge,heart_rate,student,environment_control,third_party_service,yes,consent,30,yes,yes,1,synthetic IoT privacy scenario
481,smart_microphone,location,employee,security_monitoring,third_party_service,yes,legal_obligation,90,no,no,1,synthetic IoT privacy scenario
482,smart_microphone,heart_rate,student,health_monitoring,third_party_service,yes,consent,180,no,yes,1,synthetic IoT privacy scenario
483,rfid_badge,activity_data,employee,environment_control,third_party_service,yes,consent,30,no,yes,1,synthetic IoT privacy scenario
484,environment_sensor,temperature,visitor,security_monitoring,cloud_service,yes,consent,365,no,no,1,synthetic IoT privacy scenario
485,smart_microphone,activity_data,visitor,health_monitoring,third_party_service,no,legal_obligation,30,no,no,1,synthetic IoT privacy scenario
486,rfid_badge,heart_rate,employee,analytics,third_party_service,no,legitimate_interest,365,no,no,1,synthetic IoT privacy scenario
487,smart_watch,location,visitor,analytics,third_party_service,no,consent,30,no,yes,1,synthetic IoT privacy scenario
488,smart_watch,voice_recording,employee,security_monitoring,cloud_service,yes,legitimate_interest,30,no,yes,1,synthetic IoT privacy scenario
489,rfid_badge,temperature,student,attendance_control,local_server,yes,consent,180,no,no,1,synthetic IoT privacy scenario
490,fitness_band,location,visitor,attendance_control,third_party_service,yes,none,180,yes,no,0,synthetic IoT privacy scenario
491,smart_lock,heart_rate,employee,analytics,local_server,no,none,30,yes,no,0,synthetic IoT privacy scenario
492,smart_watch,access_log,employee,analytics,cloud_service,no,legitimate_interest,180,no,no,1,synthetic IoT privacy scenario
493,smart_microphone,heart_rate,student,health_monitoring,local_server,no,none,60,yes,yes,1,synthetic IoT privacy scenario
494,environment_sensor,voice_recording,student,environment_control,cloud_service,yes,legal_obligation,90,no,yes,1,synthetic IoT privacy scenario
495,smart_lock,access_log,visitor,environment_control,local_server,yes,legitimate_interest,365,yes,no,1,synthetic IoT privacy scenario
496,fitness_band,activity_data,visitor,attendance_control,cloud_service,no,legitimate_interest,180,no,no,1,synthetic IoT privacy scenario
497,smart_watch,voice_recording,student,wellness_program,cloud_service,no,consent,180,yes,yes,1,synthetic IoT privacy scenario
498,smart_microphone,temperature,visitor,analytics,local_server,no,none,60,yes,no,0,synthetic IoT privacy scenario
499,smart_watch,face_image,student,health_monitoring,cloud_service,yes,legal_obligation,60,yes,no,1,synthetic IoT privacy scenario
500,rfid_badge,temperature,visitor,analytics,local_server,no,legitimate_interest,90,yes,no,1,synthetic IoT privacy scenario
